"f","vtkValidPointMask","arc_length","Points:0","Points:1","Points:2"
88.201,1,0,-7,0,0
88.188,1,0.014,-6.986,0,0
88.175,1,0.028,-6.972,0,0
88.162,1,0.042,-6.958,0,0
88.149,1,0.056,-6.944,0,0
88.136,1,0.07,-6.93,0,0
88.123,1,0.084,-6.916,0,0
88.109,1,0.098,-6.902,0,0
88.096,1,0.112,-6.888,0,0
88.083,1,0.126,-6.874,0,0
88.07,1,0.14,-6.86,0,0
88.057,1,0.154,-6.846,0,0
88.121,1,0.168,-6.832,0,0
88.383,1,0.182,-6.818,0,0
88.646,1,0.196,-6.804,0,0
88.908,1,0.21,-6.79,0,0
89.17,1,0.224,-6.776,0,0
89.432,1,0.238,-6.762,0,0
89.694,1,0.252,-6.748,0,0
89.956,1,0.266,-6.734,0,0
90.294,1,0.28,-6.72,0,0
90.813,1,0.294,-6.706,0,0
91.333,1,0.308,-6.692,0,0
91.853,1,0.322,-6.678,0,0
92.379,1,0.336,-6.664,0,0
92.908,1,0.35,-6.65,0,0
93.436,1,0.364,-6.636,0,0
94.055,1,0.378,-6.622,0,0
94.746,1,0.392,-6.608,0,0
95.438,1,0.406,-6.594,0,0
96.129,1,0.42,-6.58,0,0
96.821,1,0.434,-6.566,0,0
97.512,1,0.448,-6.552,0,0
98.204,1,0.462,-6.538,0,0
98.895,1,0.476,-6.524,0,0
99.372,1,0.49,-6.51,0,0
99.601,1,0.504,-6.496,0,0
99.83,1,0.518,-6.482,0,0
100.06,1,0.532,-6.468,0,0
100.29,1,0.546,-6.454,0,0
100.52,1,0.56,-6.44,0,0
100.74,1,0.574,-6.426,0,0
101.06,1,0.588,-6.412,0,0
101.4,1,0.602,-6.398,0,0
101.74,1,0.616,-6.384,0,0
102.07,1,0.63,-6.37,0,0
102.41,1,0.644,-6.356,0,0
102.75,1,0.658,-6.342,0,0
103.09,1,0.672,-6.328,0,0
103.5,1,0.686,-6.314,0,0
104.16,1,0.7,-6.3,0,0
104.82,1,0.714,-6.286,0,0
105.47,1,0.728,-6.272,0,0
106.13,1,0.742,-6.258,0,0
106.79,1,0.756,-6.244,0,0
107.44,1,0.77,-6.23,0,0
108.1,1,0.784,-6.216,0,0
108.77,1,0.798,-6.202,0,0
109.44,1,0.812,-6.188,0,0
110.1,1,0.826,-6.174,0,0
110.77,1,0.84,-6.16,0,0
111.44,1,0.854,-6.146,0,0
112.1,1,0.868,-6.132,0,0
112.77,1,0.882,-6.118,0,0
113.03,1,0.896,-6.104,0,0
113.24,1,0.91,-6.09,0,0
113.46,1,0.924,-6.076,0,0
113.67,1,0.938,-6.062,0,0
113.89,1,0.952,-6.048,0,0
114.11,1,0.966,-6.034,0,0
114.32,1,0.98,-6.02,0,0
114.25,1,0.994,-6.006,0,0
114.17,1,1.008,-5.992,0,0
114.09,1,1.022,-5.978,0,0
114.01,1,1.036,-5.964,0,0
113.93,1,1.05,-5.95,0,0
113.85,1,1.064,-5.936,0,0
113.77,1,1.078,-5.922,0,0
113.8,1,1.092,-5.908,0,0
113.9,1,1.106,-5.894,0,0
114,1,1.12,-5.88,0,0
114.1,1,1.134,-5.866,0,0
114.2,1,1.148,-5.852,0,0
114.3,1,1.162,-5.838,0,0
114.4,1,1.176,-5.824,0,0
114.68,1,1.19,-5.81,0,0
114.98,1,1.204,-5.796,0,0
115.29,1,1.218,-5.782,0,0
115.6,1,1.232,-5.768,0,0
115.91,1,1.246,-5.754,0,0
116.22,1,1.26,-5.74,0,0
116.52,1,1.274,-5.726,0,0
116.74,1,1.288,-5.712,0,0
116.69,1,1.302,-5.698,0,0
116.64,1,1.316,-5.684,0,0
116.6,1,1.33,-5.67,0,0
116.55,1,1.344,-5.656,0,0
116.5,1,1.358,-5.642,0,0
116.45,1,1.372,-5.628,0,0
116.09,1,1.386,-5.614,0,0
115.53,1,1.4,-5.6,0,0
114.96,1,1.414,-5.586,0,0
114.4,1,1.428,-5.572,0,0
113.83,1,1.442,-5.558,0,0
113.26,1,1.456,-5.544,0,0
112.7,1,1.47,-5.53,0,0
112.13,1,1.484,-5.516,0,0
111.63,1,1.498,-5.502,0,0
111.14,1,1.512,-5.488,0,0
110.64,1,1.526,-5.474,0,0
110.14,1,1.54,-5.46,0,0
109.64,1,1.554,-5.446,0,0
109.14,1,1.568,-5.432,0,0
108.81,1,1.582,-5.418,0,0
108.68,1,1.596,-5.404,0,0
108.55,1,1.61,-5.39,0,0
108.42,1,1.624,-5.376,0,0
108.29,1,1.638,-5.362,0,0
108.16,1,1.652,-5.348,0,0
108.03,1,1.666,-5.334,0,0
107.9,1,1.68,-5.32,0,0
107.74,1,1.694,-5.306,0,0
107.57,1,1.708,-5.292,0,0
107.41,1,1.722,-5.278,0,0
107.25,1,1.736,-5.264,0,0
107.09,1,1.75,-5.25,0,0
106.92,1,1.764,-5.236,0,0
106.66,1,1.778,-5.222,0,0
106.07,1,1.792,-5.208,0,0
105.48,1,1.806,-5.194,0,0
104.88,1,1.82,-5.18,0,0
104.29,1,1.834,-5.166,0,0
103.7,1,1.848,-5.152,0,0
103.1,1,1.862,-5.138,0,0
102.51,1,1.876,-5.124,0,0
101.92,1,1.89,-5.11,0,0
101.33,1,1.904,-5.096,0,0
100.74,1,1.918,-5.082,0,0
100.14,1,1.932,-5.068,0,0
99.552,1,1.946,-5.054,0,0
98.96,1,1.96,-5.04,0,0
98.369,1,1.974,-5.026,0,0
98.341,1,1.988,-5.012,0,0
98.326,1,2.002,-4.998,0,0
98.31,1,2.016,-4.984,0,0
98.295,1,2.03,-4.97,0,0
98.279,1,2.044,-4.956,0,0
98.263,1,2.058,-4.942,0,0
98.248,1,2.072,-4.928,0,0
98.497,1,2.086,-4.914,0,0
98.805,1,2.1,-4.9,0,0
99.113,1,2.114,-4.886,0,0
99.42,1,2.128,-4.872,0,0
99.728,1,2.142,-4.858,0,0
100.04,1,2.156,-4.844,0,0
100.34,1,2.17,-4.83,0,0
100.51,1,2.184,-4.816,0,0
100.57,1,2.198,-4.802,0,0
100.64,1,2.212,-4.788,0,0
100.71,1,2.226,-4.774,0,0
100.78,1,2.24,-4.76,0,0
100.84,1,2.254,-4.746,0,0
100.91,1,2.268,-4.732,0,0
100.94,1,2.282,-4.718,0,0
100.96,1,2.296,-4.704,0,0
100.98,1,2.31,-4.69,0,0
101,1,2.324,-4.676,0,0
101.02,1,2.338,-4.662,0,0
101.04,1,2.352,-4.648,0,0
101.06,1,2.366,-4.634,0,0
101.27,1,2.38,-4.62,0,0
101.78,1,2.394,-4.606,0,0
102.29,1,2.408,-4.592,0,0
102.79,1,2.422,-4.578,0,0
103.3,1,2.436,-4.564,0,0
103.81,1,2.45,-4.55,0,0
104.31,1,2.464,-4.536,0,0
104.88,1,2.478,-4.522,0,0
105.75,1,2.492,-4.508,0,0
106.63,1,2.506,-4.494,0,0
107.5,1,2.52,-4.48,0,0
108.37,1,2.534,-4.466,0,0
109.25,1,2.548,-4.452,0,0
110.12,1,2.562,-4.438,0,0
110.91,1,2.576,-4.424,0,0
111.56,1,2.59,-4.41,0,0
112.22,1,2.604,-4.396,0,0
112.87,1,2.618,-4.382,0,0
113.52,1,2.632,-4.368,0,0
114.18,1,2.646,-4.354,0,0
114.83,1,2.66,-4.34,0,0
115.49,1,2.674,-4.326,0,0
115.85,1,2.688,-4.312,0,0
116.1,1,2.702,-4.298,0,0
116.34,1,2.716,-4.284,0,0
116.58,1,2.73,-4.27,0,0
116.82,1,2.744,-4.256,0,0
117.06,1,2.758,-4.242,0,0
117.34,1,2.772,-4.228,0,0
117.69,1,2.786,-4.214,0,0
118.05,1,2.8,-4.2,0,0
118.4,1,2.814,-4.186,0,0
118.75,1,2.828,-4.172,0,0
119.11,1,2.842,-4.158,0,0
119.46,1,2.856,-4.144,0,0
119.82,1,2.87,-4.13,0,0
120.22,1,2.884,-4.116,0,0
120.84,1,2.898,-4.102,0,0
121.46,1,2.912,-4.088,0,0
122.07,1,2.926,-4.074,0,0
122.69,1,2.94,-4.06,0,0
123.31,1,2.954,-4.046,0,0
123.92,1,2.968,-4.032,0,0
124.4,1,2.982,-4.018,0,0
124.88,1,2.996,-4.004,0,0
125.37,1,3.01,-3.99,0,0
125.85,1,3.024,-3.976,0,0
126.33,1,3.038,-3.962,0,0
126.81,1,3.052,-3.948,0,0
127.29,1,3.066,-3.934,0,0
127.72,1,3.08,-3.92,0,0
127.65,1,3.094,-3.906,0,0
127.58,1,3.108,-3.892,0,0
127.5,1,3.122,-3.878,0,0
127.43,1,3.136,-3.864,0,0
127.36,1,3.15,-3.85,0,0
127.28,1,3.164,-3.836,0,0
127.01,1,3.178,-3.822,0,0
126.63,1,3.192,-3.808,0,0
126.25,1,3.206,-3.794,0,0
125.87,1,3.22,-3.78,0,0
125.48,1,3.234,-3.766,0,0
125.1,1,3.248,-3.752,0,0
124.72,1,3.262,-3.738,0,0
124.34,1,3.276,-3.724,0,0
124.17,1,3.29,-3.71,0,0
124.05,1,3.304,-3.696,0,0
123.92,1,3.318,-3.682,0,0
123.79,1,3.332,-3.668,0,0
123.66,1,3.346,-3.654,0,0
123.54,1,3.36,-3.64,0,0
123.45,1,3.374,-3.626,0,0
123.46,1,3.388,-3.612,0,0
123.48,1,3.402,-3.598,0,0
123.49,1,3.416,-3.584,0,0
123.5,1,3.43,-3.57,0,0
123.51,1,3.444,-3.556,0,0
123.53,1,3.458,-3.542,0,0
123.54,1,3.472,-3.528,0,0
123.29,1,3.486,-3.514,0,0
122.94,1,3.5,-3.5,0,0
122.59,1,3.514,-3.486,0,0
122.24,1,3.528,-3.472,0,0
121.88,1,3.542,-3.458,0,0
121.53,1,3.556,-3.444,0,0
121.06,1,3.57,-3.43,0,0
120.29,1,3.584,-3.416,0,0
119.51,1,3.598,-3.402,0,0
118.73,1,3.612,-3.388,0,0
117.96,1,3.626,-3.374,0,0
117.18,1,3.64,-3.36,0,0
116.41,1,3.654,-3.346,0,0
115.63,1,3.668,-3.332,0,0
114.98,1,3.682,-3.318,0,0
114.5,1,3.696,-3.304,0,0
114.02,1,3.71,-3.29,0,0
113.54,1,3.724,-3.276,0,0
113.06,1,3.738,-3.262,0,0
112.58,1,3.752,-3.248,0,0
112.21,1,3.766,-3.234,0,0
112.19,1,3.78,-3.22,0,0
112.17,1,3.794,-3.206,0,0
112.15,1,3.808,-3.192,0,0
112.13,1,3.822,-3.178,0,0
112.11,1,3.836,-3.164,0,0
112.09,1,3.85,-3.15,0,0
112.07,1,3.864,-3.136,0,0
112.05,1,3.878,-3.122,0,0
112.07,1,3.892,-3.108,0,0
112.1,1,3.906,-3.094,0,0
112.12,1,3.92,-3.08,0,0
112.14,1,3.934,-3.066,0,0
112.17,1,3.948,-3.052,0,0
112.1,1,3.962,-3.038,0,0
111.82,1,3.976,-3.024,0,0
111.54,1,3.99,-3.01,0,0
111.27,1,4.004,-2.996,0,0
110.99,1,4.018,-2.982,0,0
110.71,1,4.032,-2.968,0,0
110.44,1,4.046,-2.954,0,0
110.16,1,4.06,-2.94,0,0
109.88,1,4.074,-2.926,0,0
109.63,1,4.088,-2.912,0,0
109.61,1,4.102,-2.898,0,0
109.59,1,4.116,-2.884,0,0
109.57,1,4.13,-2.87,0,0
109.56,1,4.144,-2.856,0,0
109.58,1,4.158,-2.842,0,0
110.24,1,4.172,-2.828,0,0
110.91,1,4.186,-2.814,0,0
111.58,1,4.2,-2.8,0,0
112.24,1,4.214,-2.786,0,0
112.91,1,4.228,-2.772,0,0
113.58,1,4.242,-2.758,0,0
114.24,1,4.256,-2.744,0,0
114.91,1,4.27,-2.73,0,0
115.58,1,4.284,-2.716,0,0
116.2,1,4.298,-2.702,0,0
116.8,1,4.312,-2.688,0,0
117.4,1,4.326,-2.674,0,0
118.01,1,4.34,-2.66,0,0
118.61,1,4.354,-2.646,0,0
118.95,1,4.368,-2.632,0,0
119.29,1,4.382,-2.618,0,0
119.63,1,4.396,-2.604,0,0
119.97,1,4.41,-2.59,0,0
120.31,1,4.424,-2.576,0,0
120.64,1,4.438,-2.562,0,0
120.98,1,4.452,-2.548,0,0
121.32,1,4.466,-2.534,0,0
121.66,1,4.48,-2.52,0,0
121.89,1,4.494,-2.506,0,0
122,1,4.508,-2.492,0,0
122.11,1,4.522,-2.478,0,0
122.23,1,4.536,-2.464,0,0
122.34,1,4.55,-2.45,0,0
122.92,1,4.564,-2.436,0,0
123.5,1,4.578,-2.422,0,0
124.09,1,4.592,-2.408,0,0
124.67,1,4.606,-2.394,0,0
125.26,1,4.62,-2.38,0,0
125.84,1,4.634,-2.366,0,0
126.43,1,4.648,-2.352,0,0
127.01,1,4.662,-2.338,0,0
127.6,1,4.676,-2.324,0,0
128.13,1,4.69,-2.31,0,0
128.54,1,4.704,-2.296,0,0
128.96,1,4.718,-2.282,0,0
129.37,1,4.732,-2.268,0,0
129.79,1,4.746,-2.254,0,0
129.75,1,4.76,-2.24,0,0
129.72,1,4.774,-2.226,0,0
129.69,1,4.788,-2.212,0,0
129.66,1,4.802,-2.198,0,0
129.63,1,4.816,-2.184,0,0
129.59,1,4.83,-2.17,0,0
129.56,1,4.844,-2.156,0,0
129.53,1,4.858,-2.142,0,0
129.5,1,4.872,-2.128,0,0
129.42,1,4.886,-2.114,0,0
128.97,1,4.9,-2.1,0,0
128.52,1,4.914,-2.086,0,0
128.07,1,4.928,-2.072,0,0
127.62,1,4.942,-2.058,0,0
127.26,1,4.956,-2.044,0,0
126.91,1,4.97,-2.03,0,0
126.56,1,4.984,-2.016,0,0
126.2,1,4.998,-2.002,0,0
125.85,1,5.012,-1.988,0,0
125.5,1,5.026,-1.974,0,0
125.14,1,5.04,-1.96,0,0
124.79,1,5.054,-1.946,0,0
124.44,1,5.068,-1.932,0,0
124.08,1,5.082,-1.918,0,0
123.87,1,5.096,-1.904,0,0
123.66,1,5.11,-1.89,0,0
123.46,1,5.124,-1.876,0,0
123.23,1,5.138,-1.862,0,0
122.55,1,5.152,-1.848,0,0
121.87,1,5.166,-1.834,0,0
121.19,1,5.18,-1.82,0,0
120.5,1,5.194,-1.806,0,0
119.82,1,5.208,-1.792,0,0
119.14,1,5.222,-1.778,0,0
118.46,1,5.236,-1.764,0,0
117.77,1,5.25,-1.75,0,0
117.09,1,5.264,-1.736,0,0
116.41,1,5.278,-1.722,0,0
115.53,1,5.292,-1.708,0,0
114.6,1,5.306,-1.694,0,0
113.66,1,5.32,-1.68,0,0
112.72,1,5.334,-1.666,0,0
111.7,1,5.348,-1.652,0,0
110.68,1,5.362,-1.638,0,0
109.66,1,5.376,-1.624,0,0
108.64,1,5.39,-1.61,0,0
107.62,1,5.404,-1.596,0,0
106.6,1,5.418,-1.582,0,0
105.58,1,5.432,-1.568,0,0
104.56,1,5.446,-1.554,0,0
103.54,1,5.46,-1.54,0,0
102.52,1,5.474,-1.526,0,0
101.87,1,5.488,-1.512,0,0
101.42,1,5.502,-1.498,0,0
100.97,1,5.516,-1.484,0,0
100.49,1,5.53,-1.47,0,0
99.721,1,5.544,-1.456,0,0
98.949,1,5.558,-1.442,0,0
98.177,1,5.572,-1.428,0,0
97.406,1,5.586,-1.414,0,0
96.634,1,5.6,-1.4,0,0
95.862,1,5.614,-1.386,0,0
95.091,1,5.628,-1.372,0,0
94.319,1,5.642,-1.358,0,0
93.547,1,5.656,-1.344,0,0
92.775,1,5.67,-1.33,0,0
92.004,1,5.684,-1.316,0,0
91.263,1,5.698,-1.302,0,0
90.568,1,5.712,-1.288,0,0
89.637,1,5.726,-1.274,0,0
88.39,1,5.74,-1.26,0,0
87.144,1,5.754,-1.246,0,0
85.897,1,5.768,-1.232,0,0
84.651,1,5.782,-1.218,0,0
83.405,1,5.796,-1.204,0,0
82.158,1,5.81,-1.19,0,0
80.912,1,5.824,-1.176,0,0
79.666,1,5.838,-1.162,0,0
78.919,1,5.852,-1.148,0,0
78.782,1,5.866,-1.134,0,0
78.645,1,5.88,-1.12,0,0
78.508,1,5.894,-1.106,0,0
78.371,1,5.908,-1.092,0,0
78.234,1,5.922,-1.078,0,0
78.097,1,5.936,-1.064,0,0
77.96,1,5.95,-1.05,0,0
77.824,1,5.964,-1.036,0,0
77.687,1,5.978,-1.022,0,0
77.55,1,5.992,-1.008,0,0
77.446,1,6.006,-0.994,0,0
77.388,1,6.02,-0.98,0,0
77.33,1,6.034,-0.966,0,0
77.272,1,6.048,-0.952,0,0
77.214,1,6.062,-0.938,0,0
77.155,1,6.076,-0.924,0,0
77.097,1,6.09,-0.91,0,0
77.039,1,6.104,-0.896,0,0
76.981,1,6.118,-0.882,0,0
76.923,1,6.132,-0.868,0,0
76.864,1,6.146,-0.854,0,0
76.806,1,6.16,-0.84,0,0
78.734,1,6.174,-0.826,0,0
81.088,1,6.188,-0.812,0,0
83.441,1,6.202,-0.798,0,0
85.794,1,6.216,-0.784,0,0
88.148,1,6.23,-0.77,0,0
90.471,1,6.244,-0.756,0,0
92.632,1,6.258,-0.742,0,0
94.793,1,6.272,-0.728,0,0
96.803,1,6.286,-0.714,0,0
97.88,1,6.3,-0.7,0,0
98.957,1,6.314,-0.686,0,0
100.03,1,6.328,-0.672,0,0
101.11,1,6.342,-0.658,0,0
102.19,1,6.356,-0.644,0,0
103.26,1,6.37,-0.63,0,0
104.34,1,6.384,-0.616,0,0
102.99,1,6.398,-0.602,0,0
101.36,1,6.412,-0.588,0,0
99.74,1,6.426,-0.574,0,0
98.115,1,6.44,-0.56,0,0
96.491,1,6.454,-0.546,0,0
94.866,1,6.468,-0.532,0,0
92.966,1,6.482,-0.518,0,0
90.71,1,6.496,-0.504,0,0
88.455,1,6.51,-0.49,0,0
86.2,1,6.524,-0.476,0,0
83.944,1,6.538,-0.462,0,0
81.689,1,6.552,-0.448,0,0
80.644,1,6.566,-0.434,0,0
81.372,1,6.58,-0.42,0,0
82.101,1,6.594,-0.406,0,0
82.829,1,6.608,-0.392,0,0
83.557,1,6.622,-0.378,0,0
84.286,1,6.636,-0.364,0,0
85.014,1,6.65,-0.35,0,0
85.743,1,6.664,-0.336,0,0
86.471,1,6.678,-0.322,0,0
87.199,1,6.692,-0.308,0,0
88.295,1,6.706,-0.294,0,0
89.497,1,6.72,-0.28,0,0
90.699,1,6.734,-0.266,0,0
90.276,1,6.748,-0.252,0,0
89.671,1,6.762,-0.238,0,0
89.066,1,6.776,-0.224,0,0
88.461,1,6.79,-0.21,0,0
87.856,1,6.804,-0.196,0,0
87.251,1,6.818,-0.182,0,0
86.646,1,6.832,-0.168,0,0
86.041,1,6.846,-0.154,0,0
85.436,1,6.86,-0.14,0,0
84.831,1,6.874,-0.126,0,0
84.227,1,6.888,-0.112,0,0
83.796,1,6.902,-0.098,0,0
83.454,1,6.916,-0.084,0,0
84.226,1,6.93,-0.07,0,0
85.287,1,6.944,-0.056,0,0
86.349,1,6.958,-0.042,0,0
87.41,1,6.972,-0.028,0,0
88.471,1,6.986,-0.014,0,0
89.532,1,7,0,0,0
90.593,1,7.014,0.014,0,0
91.655,1,7.028,0.028,0,0
92.716,1,7.042,0.042,0,0
93.777,1,7.056,0.056,0,0
94.838,1,7.07,0.07,0,0
95.899,1,7.084,0.084,0,0
96.626,1,7.098,0.098,0,0
96.611,1,7.112,0.112,0,0
96.596,1,7.126,0.126,0,0
96.582,1,7.14,0.14,0,0
96.333,1,7.154,0.154,0,0
95.829,1,7.168,0.168,0,0
95.325,1,7.182,0.182,0,0
94.821,1,7.196,0.196,0,0
94.317,1,7.21,0.21,0,0
93.813,1,7.224,0.224,0,0
93.309,1,7.238,0.238,0,0
92.805,1,7.252,0.252,0,0
92.3,1,7.266,0.266,0,0
92.207,1,7.28,0.28,0,0
92.485,1,7.294,0.294,0,0
92.763,1,7.308,0.308,0,0
93.041,1,7.322,0.322,0,0
93.318,1,7.336,0.336,0,0
93.596,1,7.35,0.35,0,0
93.874,1,7.364,0.364,0,0
94.223,1,7.378,0.378,0,0
94.692,1,7.392,0.392,0,0
95.161,1,7.406,0.406,0,0
95.63,1,7.42,0.42,0,0
96.1,1,7.434,0.434,0,0
96.569,1,7.448,0.448,0,0
96.388,1,7.462,0.462,0,0
96.095,1,7.476,0.476,0,0
95.802,1,7.49,0.49,0,0
95.508,1,7.504,0.504,0,0
95.215,1,7.518,0.518,0,0
94.922,1,7.532,0.532,0,0
94.629,1,7.546,0.546,0,0
94.336,1,7.56,0.56,0,0
94.042,1,7.574,0.574,0,0
93.749,1,7.588,0.588,0,0
93.456,1,7.602,0.602,0,0
93.163,1,7.616,0.616,0,0
92.813,1,7.63,0.63,0,0
92.434,1,7.644,0.644,0,0
92.055,1,7.658,0.658,0,0
92.288,1,7.672,0.672,0,0
92.544,1,7.686,0.686,0,0
92.8,1,7.7,0.7,0,0
93.047,1,7.714,0.714,0,0
93.291,1,7.728,0.728,0,0
93.535,1,7.742,0.742,0,0
93.779,1,7.756,0.756,0,0
94.023,1,7.77,0.77,0,0
94.267,1,7.784,0.784,0,0
94.511,1,7.798,0.798,0,0
94.755,1,7.812,0.812,0,0
95,1,7.826,0.826,0,0
95.138,1,7.84,0.84,0,0
95.054,1,7.854,0.854,0,0
94.969,1,7.868,0.868,0,0
94.884,1,7.882,0.882,0,0
94.8,1,7.896,0.896,0,0
94.715,1,7.91,0.91,0,0
94.63,1,7.924,0.924,0,0
94.545,1,7.938,0.938,0,0
94.461,1,7.952,0.952,0,0
94.376,1,7.966,0.966,0,0
94.291,1,7.98,0.98,0,0
94.206,1,7.994,0.994,0,0
94.729,1,8.008,1.008,0,0
95.708,1,8.022,1.022,0,0
96.687,1,8.036,1.036,0,0
97.666,1,8.05,1.05,0,0
98.645,1,8.064,1.064,0,0
99.624,1,8.078,1.078,0,0
100.6,1,8.092,1.092,0,0
101.58,1,8.106,1.106,0,0
102.56,1,8.12,1.12,0,0
103.54,1,8.134,1.134,0,0
104.52,1,8.148,1.148,0,0
105.5,1,8.162,1.162,0,0
105.54,1,8.176,1.176,0,0
105.2,1,8.19,1.19,0,0
104.85,1,8.204,1.204,0,0
104.5,1,8.218,1.218,0,0
104.15,1,8.232,1.232,0,0
103.81,1,8.246,1.246,0,0
103.46,1,8.26,1.26,0,0
103.11,1,8.274,1.274,0,0
102.8,1,8.288,1.288,0,0
102.6,1,8.302,1.302,0,0
102.39,1,8.316,1.316,0,0
102.19,1,8.33,1.33,0,0
101.99,1,8.344,1.344,0,0
102.35,1,8.358,1.358,0,0
102.97,1,8.372,1.372,0,0
103.6,1,8.386,1.386,0,0
104.23,1,8.4,1.4,0,0
104.86,1,8.414,1.414,0,0
105.49,1,8.428,1.428,0,0
106.12,1,8.442,1.442,0,0
106.75,1,8.456,1.456,0,0
107.38,1,8.47,1.47,0,0
108.01,1,8.484,1.484,0,0
108.6,1,8.498,1.498,0,0
108.63,1,8.512,1.512,0,0
108.32,1,8.526,1.526,0,0
108,1,8.54,1.54,0,0
107.68,1,8.554,1.554,0,0
107.37,1,8.568,1.568,0,0
107.05,1,8.582,1.582,0,0
106.73,1,8.596,1.596,0,0
106.42,1,8.61,1.61,0,0
106.1,1,8.624,1.624,0,0
105.78,1,8.638,1.638,0,0
105.47,1,8.652,1.652,0,0
105.15,1,8.666,1.666,0,0
104.89,1,8.68,1.68,0,0
105.11,1,8.694,1.694,0,0
105.73,1,8.708,1.708,0,0
106.36,1,8.722,1.722,0,0
106.98,1,8.736,1.736,0,0
107.6,1,8.75,1.75,0,0
108.23,1,8.764,1.764,0,0
108.85,1,8.778,1.778,0,0
109.47,1,8.792,1.792,0,0
110.1,1,8.806,1.806,0,0
110.72,1,8.82,1.82,0,0
111.35,1,8.834,1.834,0,0
111.97,1,8.848,1.848,0,0
112.59,1,8.862,1.862,0,0
113.17,1,8.876,1.876,0,0
113.22,1,8.89,1.89,0,0
112.97,1,8.904,1.904,0,0
112.71,1,8.918,1.918,0,0
112.45,1,8.932,1.932,0,0
112.2,1,8.946,1.946,0,0
111.94,1,8.96,1.96,0,0
111.69,1,8.974,1.974,0,0
111.43,1,8.988,1.988,0,0
111.18,1,9.002,2.002,0,0
110.92,1,9.016,2.016,0,0
110.67,1,9.03,2.03,0,0
110.41,1,9.044,2.044,0,0
110.16,1,9.058,2.058,0,0
109.94,1,9.072,2.072,0,0
110.52,1,9.086,2.086,0,0
111.4,1,9.1,2.1,0,0
112.28,1,9.114,2.114,0,0
113.16,1,9.128,2.128,0,0
114.04,1,9.142,2.142,0,0
114.92,1,9.156,2.156,0,0
115.8,1,9.17,2.17,0,0
116.69,1,9.184,2.184,0,0
117.57,1,9.198,2.198,0,0
118.45,1,9.212,2.212,0,0
119.33,1,9.226,2.226,0,0
120.21,1,9.24,2.24,0,0
121.09,1,9.254,2.254,0,0
121.97,1,9.268,2.268,0,0
121.78,1,9.282,2.282,0,0
121.28,1,9.296,2.296,0,0
120.77,1,9.31,2.31,0,0
120.26,1,9.324,2.324,0,0
119.75,1,9.338,2.338,0,0
119.25,1,9.352,2.352,0,0
118.74,1,9.366,2.366,0,0
118.23,1,9.38,2.38,0,0
117.73,1,9.394,2.394,0,0
117.22,1,9.408,2.408,0,0
116.71,1,9.422,2.422,0,0
116.2,1,9.436,2.436,0,0
115.7,1,9.45,2.45,0,0
115.19,1,9.464,2.464,0,0
115.65,1,9.478,2.478,0,0
116.45,1,9.492,2.492,0,0
117.26,1,9.506,2.506,0,0
118.06,1,9.52,2.52,0,0
118.87,1,9.534,2.534,0,0
119.67,1,9.548,2.548,0,0
120.48,1,9.562,2.562,0,0
121.28,1,9.576,2.576,0,0
122.08,1,9.59,2.59,0,0
122.89,1,9.604,2.604,0,0
123.69,1,9.618,2.618,0,0
124.5,1,9.632,2.632,0,0
125.3,1,9.646,2.646,0,0
126.11,1,9.66,2.66,0,0
126.09,1,9.674,2.674,0,0
125.63,1,9.688,2.688,0,0
125.18,1,9.702,2.702,0,0
124.73,1,9.716,2.716,0,0
124.28,1,9.73,2.73,0,0
123.83,1,9.744,2.744,0,0
123.38,1,9.758,2.758,0,0
122.93,1,9.772,2.772,0,0
122.48,1,9.786,2.786,0,0
122.03,1,9.8,2.8,0,0
121.58,1,9.814,2.814,0,0
121.13,1,9.828,2.828,0,0
120.68,1,9.842,2.842,0,0
120.23,1,9.856,2.856,0,0
120.63,1,9.87,2.87,0,0
121.8,1,9.884,2.884,0,0
122.97,1,9.898,2.898,0,0
124.14,1,9.912,2.912,0,0
125.31,1,9.926,2.926,0,0
126.49,1,9.94,2.94,0,0
127.66,1,9.954,2.954,0,0
128.83,1,9.968,2.968,0,0
130,1,9.982,2.982,0,0
131.18,1,9.996,2.996,0,0
132.35,1,10.01,3.01,0,0
133.52,1,10.024,3.024,0,0
134.69,1,10.038,3.038,0,0
135.86,1,10.052,3.052,0,0
136.15,1,10.066,3.066,0,0
135.95,1,10.08,3.08,0,0
135.7,1,10.094,3.094,0,0
135.45,1,10.108,3.108,0,0
135.2,1,10.122,3.122,0,0
134.95,1,10.136,3.136,0,0
134.69,1,10.15,3.15,0,0
134.44,1,10.164,3.164,0,0
134.19,1,10.178,3.178,0,0
133.94,1,10.192,3.192,0,0
133.68,1,10.206,3.206,0,0
133.43,1,10.22,3.22,0,0
133.18,1,10.234,3.234,0,0
132.93,1,10.248,3.248,0,0
133.41,1,10.262,3.262,0,0
134.25,1,10.276,3.276,0,0
135.2,1,10.29,3.29,0,0
136.14,1,10.304,3.304,0,0
137.09,1,10.318,3.318,0,0
138.03,1,10.332,3.332,0,0
138.98,1,10.346,3.346,0,0
139.92,1,10.36,3.36,0,0
140.87,1,10.374,3.374,0,0
141.82,1,10.388,3.388,0,0
142.76,1,10.402,3.402,0,0
143.71,1,10.416,3.416,0,0
144.65,1,10.43,3.43,0,0
145.6,1,10.444,3.444,0,0
145.82,1,10.458,3.458,0,0
145.68,1,10.472,3.472,0,0
145.34,1,10.486,3.486,0,0
145,1,10.5,3.5,0,0
144.65,1,10.514,3.514,0,0
144.31,1,10.528,3.528,0,0
143.97,1,10.542,3.542,0,0
143.63,1,10.556,3.556,0,0
143.28,1,10.57,3.57,0,0
142.94,1,10.584,3.584,0,0
142.6,1,10.598,3.598,0,0
142.26,1,10.612,3.612,0,0
141.91,1,10.626,3.626,0,0
141.57,1,10.64,3.64,0,0
142.04,1,10.654,3.654,0,0
142.85,1,10.668,3.668,0,0
143.81,1,10.682,3.682,0,0
144.78,1,10.696,3.696,0,0
145.75,1,10.71,3.71,0,0
146.71,1,10.724,3.724,0,0
147.68,1,10.738,3.738,0,0
148.64,1,10.752,3.752,0,0
149.61,1,10.766,3.766,0,0
150.58,1,10.78,3.78,0,0
151.54,1,10.794,3.794,0,0
152.51,1,10.808,3.808,0,0
153.47,1,10.822,3.822,0,0
154.44,1,10.836,3.836,0,0
154.83,1,10.85,3.85,0,0
154.93,1,10.864,3.864,0,0
155.14,1,10.878,3.878,0,0
155.37,1,10.892,3.892,0,0
155.6,1,10.906,3.906,0,0
155.82,1,10.92,3.92,0,0
156.05,1,10.934,3.934,0,0
156.28,1,10.948,3.948,0,0
156.51,1,10.962,3.962,0,0
156.74,1,10.976,3.976,0,0
156.96,1,10.99,3.99,0,0
157.19,1,11.004,4.004,0,0
157.42,1,11.018,4.018,0,0
157.65,1,11.032,4.032,0,0
158.39,1,11.046,4.046,0,0
159.45,1,11.06,4.06,0,0
160.54,1,11.074,4.074,0,0
161.65,1,11.088,4.088,0,0
162.75,1,11.102,4.102,0,0
163.86,1,11.116,4.116,0,0
164.96,1,11.13,4.13,0,0
166.07,1,11.144,4.144,0,0
167.18,1,11.158,4.158,0,0
168.28,1,11.172,4.172,0,0
169.39,1,11.186,4.186,0,0
170.5,1,11.2,4.2,0,0
171.6,1,11.214,4.214,0,0
172.71,1,11.228,4.228,0,0
173.35,1,11.242,4.242,0,0
173.6,1,11.256,4.256,0,0
173.89,1,11.27,4.27,0,0
174.24,1,11.284,4.284,0,0
174.59,1,11.298,4.298,0,0
174.94,1,11.312,4.312,0,0
175.29,1,11.326,4.326,0,0
175.64,1,11.34,4.34,0,0
175.99,1,11.354,4.354,0,0
176.34,1,11.368,4.368,0,0
176.69,1,11.382,4.382,0,0
177.04,1,11.396,4.396,0,0
177.4,1,11.41,4.41,0,0
177.75,1,11.424,4.424,0,0
178.49,1,11.438,4.438,0,0
179.67,1,11.452,4.452,0,0
180.85,1,11.466,4.466,0,0
181.87,1,11.48,4.48,0,0
182.9,1,11.494,4.494,0,0
183.92,1,11.508,4.508,0,0
184.95,1,11.522,4.522,0,0
185.98,1,11.536,4.536,0,0
187,1,11.55,4.55,0,0
188.03,1,11.564,4.564,0,0
189.06,1,11.578,4.578,0,0
190.08,1,11.592,4.592,0,0
191.11,1,11.606,4.606,0,0
192.13,1,11.62,4.62,0,0
192.97,1,11.634,4.634,0,0
193.54,1,11.648,4.648,0,0
194.11,1,11.662,4.662,0,0
194.95,1,11.676,4.676,0,0
195.9,1,11.69,4.69,0,0
196.86,1,11.704,4.704,0,0
197.82,1,11.718,4.718,0,0
198.78,1,11.732,4.732,0,0
199.74,1,11.746,4.746,0,0
200.7,1,11.76,4.76,0,0
201.65,1,11.774,4.774,0,0
202.61,1,11.788,4.788,0,0
203.57,1,11.802,4.802,0,0
204.53,1,11.816,4.816,0,0
205.64,1,11.83,4.83,0,0
207.27,1,11.844,4.844,0,0
208.91,1,11.858,4.858,0,0
210.54,1,11.872,4.872,0,0
212.17,1,11.886,4.886,0,0
213.8,1,11.9,4.9,0,0
215.44,1,11.914,4.914,0,0
217.07,1,11.928,4.928,0,0
218.7,1,11.942,4.942,0,0
220.33,1,11.956,4.956,0,0
221.97,1,11.97,4.97,0,0
223.6,1,11.984,4.984,0,0
225.23,1,11.998,4.998,0,0
226.86,1,12.012,5.012,0,0
228.5,1,12.026,5.026,0,0
229.88,1,12.04,5.04,0,0
231.25,1,12.054,5.054,0,0
232.67,1,12.068,5.068,0,0
234.69,1,12.082,5.082,0,0
236.7,1,12.096,5.096,0,0
238.72,1,12.11,5.11,0,0
240.73,1,12.124,5.124,0,0
242.75,1,12.138,5.138,0,0
244.76,1,12.152,5.152,0,0
246.78,1,12.166,5.166,0,0
248.79,1,12.18,5.18,0,0
250.81,1,12.194,5.194,0,0
252.82,1,12.208,5.208,0,0
254.84,1,12.222,5.222,0,0
257.08,1,12.236,5.236,0,0
259.66,1,12.25,5.25,0,0
262.25,1,12.264,5.264,0,0
265.19,1,12.278,5.278,0,0
268.13,1,12.292,5.292,0,0
271.07,1,12.306,5.306,0,0
274.01,1,12.32,5.32,0,0
276.95,1,12.334,5.334,0,0
279.89,1,12.348,5.348,0,0
282.83,1,12.362,5.362,0,0
285.77,1,12.376,5.376,0,0
288.71,1,12.39,5.39,0,0
291.65,1,12.404,5.404,0,0
294.59,1,12.418,5.418,0,0
297.59,1,12.432,5.432,0,0
300.9,1,12.446,5.446,0,0
304.2,1,12.46,5.46,0,0
308.8,1,12.474,5.474,0,0
313.85,1,12.488,5.488,0,0
318.9,1,12.502,5.502,0,0
323.95,1,12.516,5.516,0,0
329.01,1,12.53,5.53,0,0
334.06,1,12.544,5.544,0,0
339.11,1,12.558,5.558,0,0
344.16,1,12.572,5.572,0,0
349.21,1,12.586,5.586,0,0
354.26,1,12.6,5.6,0,0
359.32,1,12.614,5.614,0,0
364.37,1,12.628,5.628,0,0
370.72,1,12.642,5.642,0,0
377.09,1,12.656,5.656,0,0
386,1,12.67,5.67,0,0
398.42,1,12.684,5.684,0,0
410.85,1,12.698,5.698,0,0
423.27,1,12.712,5.712,0,0
435.7,1,12.726,5.726,0,0
448.12,1,12.74,5.74,0,0
460.55,1,12.754,5.754,0,0
472.97,1,12.768,5.768,0,0
485.4,1,12.782,5.782,0,0
497.82,1,12.796,5.796,0,0
510.25,1,12.81,5.81,0,0
522.67,1,12.824,5.824,0,0
533.6,1,12.838,5.838,0,0
544.26,1,12.852,5.852,0,0
555.82,1,12.866,5.866,0,0
574.47,1,12.88,5.88,0,0
593.13,1,12.894,5.894,0,0
611.79,1,12.908,5.908,0,0
630.45,1,12.922,5.922,0,0
649.1,1,12.936,5.936,0,0
667.76,1,12.95,5.95,0,0
686.42,1,12.964,5.964,0,0
705.08,1,12.978,5.978,0,0
723.73,1,12.992,5.992,0,0
742.39,1,13.006,6.006,0,0
761.05,1,13.02,6.02,0,0
763,1,13.034,6.034,0,0
757.38,1,13.048,6.048,0,0
751.76,1,13.062,6.062,0,0
729.49,1,13.076,6.076,0,0
703.12,1,13.09,6.09,0,0
676.75,1,13.104,6.104,0,0
650.37,1,13.118,6.118,0,0
624,1,13.132,6.132,0,0
597.63,1,13.146,6.146,0,0
571.25,1,13.16,6.16,0,0
544.88,1,13.174,6.174,0,0
518.51,1,13.188,6.188,0,0
492.13,1,13.202,6.202,0,0
465.76,1,13.216,6.216,0,0
450.09,1,13.23,6.23,0,0
441.64,1,13.244,6.244,0,0
433.19,1,13.258,6.258,0,0
425.13,1,13.272,6.272,0,0
417.55,1,13.286,6.286,0,0
409.96,1,13.3,6.3,0,0
402.38,1,13.314,6.314,0,0
394.8,1,13.328,6.328,0,0
387.21,1,13.342,6.342,0,0
379.63,1,13.356,6.356,0,0
372.05,1,13.37,6.37,0,0
364.46,1,13.384,6.384,0,0
356.88,1,13.398,6.398,0,0
349.3,1,13.412,6.412,0,0
341.71,1,13.426,6.426,0,0
334.13,1,13.44,6.44,0,0
329.07,1,13.454,6.454,0,0
324.21,1,13.468,6.468,0,0
319.35,1,13.482,6.482,0,0
314.48,1,13.496,6.496,0,0
311.07,1,13.51,6.51,0,0
308.02,1,13.524,6.524,0,0
304.97,1,13.538,6.538,0,0
301.92,1,13.552,6.552,0,0
298.87,1,13.566,6.566,0,0
295.82,1,13.58,6.58,0,0
292.77,1,13.594,6.594,0,0
289.72,1,13.608,6.608,0,0
286.67,1,13.622,6.622,0,0
283.62,1,13.636,6.636,0,0
280.56,1,13.65,6.65,0,0
277.81,1,13.664,6.664,0,0
275.03,1,13.678,6.678,0,0
272.25,1,13.692,6.692,0,0
269.46,1,13.706,6.706,0,0
266.68,1,13.72,6.72,0,0
263.9,1,13.734,6.734,0,0
261.11,1,13.748,6.748,0,0
258.33,1,13.762,6.762,0,0
255.55,1,13.776,6.776,0,0
252.76,1,13.79,6.79,0,0
249.98,1,13.804,6.804,0,0
247.42,1,13.818,6.818,0,0
245.8,1,13.832,6.832,0,0
244.18,1,13.846,6.846,0,0
242.57,1,13.86,6.86,0,0
240.95,1,13.874,6.874,0,0
239.34,1,13.888,6.888,0,0
237.72,1,13.902,6.902,0,0
236.1,1,13.916,6.916,0,0
234.49,1,13.93,6.93,0,0
232.87,1,13.944,6.944,0,0
231.26,1,13.958,6.958,0,0
229.64,1,13.972,6.972,0,0
228.03,1,13.986,6.986,0,0
226.41,1,14,7,0,0
